INSERT INTO UNIT(UNIT_NAME) VALUES('Angel');
INSERT INTO UNIT(UNIT_NAME) VALUES('Cyclops');
INSERT INTO UNIT(UNIT_NAME) VALUES('Gorgon');
INSERT INTO UNIT(UNIT_NAME) VALUES('Halberdier');

INSERT INTO CASTLE(CASTLE_NAME) VALUES('Castle');
INSERT INTO CASTLE(CASTLE_NAME) VALUES('Stronghold');
INSERT INTO CASTLE(CASTLE_NAME) VALUES('Fortress');

INSERT INTO "USER"(USER_NAME) VALUES('Bob');
INSERT INTO "USER"(USER_NAME) VALUES('Boba');
INSERT INTO "USER"(USER_NAME) VALUES('Boban');

INSERT INTO PROPERTIES(PROPERTY_NAME) VALUES('Attack');
INSERT INTO PROPERTIES(PROPERTY_NAME) VALUES('Level');
INSERT INTO PROPERTIES(PROPERTY_NAME) VALUES('Gold');

INSERT INTO UNIT_CASTLE(UNIT_NAME, CASTLE_NAME) VALUES('Angel', 'Castle');
INSERT INTO UNIT_CASTLE(UNIT_NAME, CASTLE_NAME) VALUES('Cyclops', 'Stronghold');
INSERT INTO UNIT_CASTLE(UNIT_NAME, CASTLE_NAME) VALUES('Gorgon', 'Fortress');
INSERT INTO UNIT_CASTLE(UNIT_NAME, CASTLE_NAME) VALUES('Halberdier', 'Castle');

INSERT INTO FAV_UNIT(USER_NAME, UNIT_NAME) VALUES('Bob', 'Angel');
INSERT INTO FAV_UNIT(USER_NAME, UNIT_NAME) VALUES('Bob', 'Cyclops');
INSERT INTO FAV_UNIT(USER_NAME, UNIT_NAME) VALUES('Bob', 'Gorgon');
INSERT INTO FAV_UNIT(USER_NAME, UNIT_NAME) VALUES('Boba', 'Halberdier');

INSERT INTO UNIT_PROPERTY(UNIT_NAME, PROPERTY_NAME, PROPERTY_VALUE) VALUES('Cyclops', 'Gold', '750');
INSERT INTO UNIT_PROPERTY(UNIT_NAME, PROPERTY_NAME, PROPERTY_VALUE) VALUES('Gorgon', 'Gold', '525');
INSERT INTO UNIT_PROPERTY(UNIT_NAME, PROPERTY_NAME, PROPERTY_VALUE) VALUES('Angel', 'Gold', '3000');
INSERT INTO UNIT_PROPERTY(UNIT_NAME, PROPERTY_NAME, PROPERTY_VALUE) VALUES('Halberdier', 'Gold', '75');
